連番,姓,名,姓（ローマ字）,名（ローマ字）,性別,年齢
1,堀江,青空,Horie,Seia,男,48
2,中川,朋香,Nakagawa,Tomoka,女,53
3,大森,吏騎,Oomori,Riki,男,58
4,今村,駿乃介,Imamura,Shumnosuke,男,20
5,堀越,辰夫,Horikoshi,Tatsuo,男,50
6,矢野,紗矢,Yano,Saya,女,69
7,寺崎,蓮,Terasaki,Ren,男,32
8,板橋,長太郎,Itabashi,Choutarou,男,34
9,尾崎,一,Ozaki,Hajime,男,67
10,上原,真幸,Uehara,Masaki,男,66
11,唐沢,順一,Karasawa,Junichi,男,42
12,平,由良,Taira,Yura,女,34
13,中尾,良之,Nakao,Yoshiyuki,男,51
14,笹川,雅宣,Sasagawa,Masanobu,男,36
15,猪俣,唯,Inomata,Yui,女,57
16,仲田,信雄,Nakada,Nobuo,男,29
17,北村,留美,Kitamura,Rumi,女,67
18,古山,俊之,Furuyama,Toshiyuki,男,56
19,大高,結月花,Oodaka,Yuzuha,女,20
20,熊倉,彬晴,Kumakura,Akiharu,男,23
21,金城,政幸,Kanashiro,Masayuki,男,47
22,石井,安則,Ishii,Yasunori,男,35
23,藤崎,咲良,Fujizaki,Sakura,女,20
24,赤松,柚香,Akamatsu,Yuzuka,女,38
25,白川,明美,Shirakawa,Akime,女,67
26,黒沢,夏実,Kurosawa,Natsumi,女,63
27,阿部,優希,Abe,Yuuki,女,65
28,大谷,廉清,Ooya,Rensei,男,23
29,河原,司,Kawahara,Tsukasa,男,55
30,森川,由姫,Morikawa,Yuki,女,61
31,立石,信太郎,Tateishi,Shintarou,男,39
32,岩佐,貴楓,Iwasa,Kifuu,男,20
33,戸田,雅博,Toda,Masahiro,男,56
34,岡崎,勇蔵,Okazaki,Yuuzou,男,63
35,江口,聖,Eguchi,Hijiri,女,43
36,稲葉,政雄,Inaba,Masao,男,44
37,豊島,美博,Toshima,Yoshihiro,男,63
38,大石,信子,Ooishi,Nobuko,女,53
39,大関,優菜,Oozeki,Yuuna,女,50
40,尾上,美波,Ogami,Minami,女,28
41,水野,司,Mizuno,Tsukasa,女,55
42,岩城,洋,Iwaki,Hiroshi,男,61
43,板倉,夏希,Itakura,Natsuki,女,24
44,尾崎,雅春,Ozaki,Masaharu,男,29
45,福田,弘之,Fukuda,Hiroyuki,男,24
46,吾妻,正樹,Azuma,Masaki,男,61
47,甲斐,一憲,Kai,Kazunori,男,41
48,守屋,心菜,Moriya,Kokona,女,35
49,塩崎,和佳,Shiozaki,Waka,女,53
50,阿久津,涼子,Akutsu,Ryouko,女,33
51,横井,浩子,Yokoi,Hiroko,女,49
52,柴崎,日出男,Shibazaki,Hideo,男,47
53,三原,真生,Mihara,Mao,女,48
54,片山,友彦,Katayama,Tomohiko,男,47
55,細谷,善次,Hosoya,Yoshitsugu,男,39
56,辻,詩乃,Tsuji,Shino,女,40
57,熊沢,和香,Kumazawa,Waka,女,46
58,朝倉,智博,Asakura,Tomohiro,男,43
59,花岡,利忠,Hanaoka,Toshitada,男,49
60,藤崎,勝也,Fujizaki,Katsuya,男,52
61,斎藤,千加子,Saitou,Chikako,女,57
62,難波,慶吾,Namba,Keigo,男,22
63,李,孝男,Ri,Takao,男,51
64,前田,孝男,Maeda,Takao,男,38
65,曽我,憲信,Soga,Kenshin,男,21
66,矢吹,寛樹,Yabuki,Hiroki,男,23
67,井川,良治,Ikawa,Yoshiji,男,68
68,小原,雅保,Ohara,Masayasu,男,43
69,二宮,義則,Ninomiya,Yoshinori,男,40
70,江藤,優月,Etou,Yuzuki,女,42
71,江田,光男,Eda,Mitsuo,男,55
72,熊谷,利治,Kumagaya,Toshiharu,男,31
73,波多野,幸作,Hatano,Kousaku,男,47
74,重田,彩花,Shigeta,Ayaka,女,57
75,上野,遥夏,Agano,Haruka,男,22
76,中里,智之,Nakazato,Tomoyuki,男,57
77,杉本,香奈子,Sugimoto,Kanako,女,56
78,谷村,博之,Tanimura,Hiroyuki,男,42
79,大橋,正彦,Oohashi,Masahiko,男,38
80,片野,清治,Katano,Seiji,男,57
81,白鳥,南,Shiratori,Minami,女,45
82,山野,元陽,Yamano,Motoharu,男,25
83,田端,重吉,Tabata,Juukichi,男,64
84,石倉,文彦,Ishikura,Fumihiko,男,42
85,川端,明男,Kawabata,Akio,男,54
86,浅井,市太郎,Asai,Ichitarou,男,38
87,今田,良雄,Imada,Yoshio,男,66
88,玉田,有沙,Tamada,Arisa,女,53
89,大槻,光希,Ootsuki,Mitsuki,女,32
90,北岡,憲二,Kitaoka,Kenji,男,34
91,飛田,雅子,Tobita,Masako,女,62
92,亀田,十三,Kameda,Juuzou,男,56
93,山元,康之,Yamamoto,Yasuyuki,男,38
94,本田,伸也,Honda,Shinya,男,62
95,片桐,芽衣,Katagiri,Mei,女,48
96,大井,早苗,Ooi,Sanae,女,69
97,富樫,佳歩,Togashi,Kaho,女,66
98,徳田,一弘,Tokuda,Kazuhiro,男,33
99,滝,遥佳,Taki,Haruka,女,53
100,皆川,國吉,Minagawa,Kuniyoshi,男,46
101,金子,凛花,Kaneko,Rinka,女,55
102,角,咲希,Kaku,Saki,女,29
103,松川,正男,Matsukawa,Masao,男,28
104,菅野,広志,Sugano,Hiroshi,男,43
105,齋藤,真奈美,Saitou,Manami,女,25
106,森井,香苗,Morii,Kanae,女,60
107,青山,文隆,Aoyama,Fumitaka,男,60
108,遠藤,正子,Endou,Masako,女,63
109,大坪,葉月,Ootsubo,Hazuki,女,37
110,橋本,治郎,Hashimoto,Jirou,男,39
111,織田,葉菜,Oda,Hana,女,68
112,北沢,紗弥,Kitazawa,Saya,女,65
113,柳原,範明,Yanagihara,Noriaki,男,62
114,山元,正春,Yamamoto,Masaharu,男,59
115,長浜,長吉,Nagahama,Choukichi,男,63
116,馬場,美月,Baba,Mizuki,女,57
117,大滝,紗衣花,Ootaki,Saika,女,28
118,小川,義治,Ogawa,Yoshiharu,男,29
119,井田,一彦,Ida,Kazuhiko,男,29
120,松田,広司,Matsuda,Hiroshi,男,41
121,中村,裕紀,Nakamura,Yuki,女,21
122,村田,龍雄,Murata,Tatsuo,男,55
123,北野,章治郎,Kitano,Shoujirou,男,47
124,早川,浩重,Hayakawa,Hiroshige,男,56
125,上田,佳典,Ueda,Yoshinori,男,45
126,江田,愛花,Eda,Aika,女,59
127,矢崎,鉄夫,Yazaki,Tetsuo,男,42
128,宇田川,李奈,Udagawa,Rina,女,20
129,谷口,一雄,Taniguchi,Kazuo,男,21
130,榎本,由菜,Enomoto,Yuna,女,64
131,内海,隆史,Utsumi,Takashi,男,54
132,高畑,長治,Takahata,Chouji,男,25
133,花岡,喜一郎,Hanaoka,Kiichirou,男,56
134,谷,良夫,Tani,Yoshio,男,25
135,金子,和,Kaneko,Nodoka,女,63
136,上田,良治,Ueda,Yoshiji,男,32
137,内村,恵美子,Uchimura,Emiko,女,65
138,北原,敏雄,Kitahara,Toshio,男,62
139,脇田,好子,Wakita,Yoshiko,女,64
140,塚本,紫音,Tsukamoto,Shion,女,38
141,滋賀,晴夫,Shiga,Haruo,男,43
142,小坂,金次郎,Osaka,Kinjirou,男,67
143,稲田,吉雄,Inada,Yoshio,男,38
144,相良,彩菜,Sagara,Ayana,女,27
145,楠本,留子,Kusumoto,Tomeko,女,64
146,野崎,和歩,Nozaki,Kazuho,男,23
147,岸田,保之,Kishida,Yasuyuki,男,48
148,毛利,和裕,Mouri,Kazuhiro,男,33
149,保坂,秋空,Hosaka,Akira,男,28
150,田口,莉歩,Taguchi,Riho,女,40
151,川崎,優里,Kawasaki,Yuri,女,46
152,小川,千裕,Ogawa,Chihiro,女,59
153,合田,美来,Aida,Miku,女,59
154,長田,実羽,Nagata,Mihane,女,20
155,首藤,陽菜子,Shudou,Hinako,女,59
156,落合,彩乃,Ochiai,Ayano,女,51
157,久米,雅哉,Kume,Masaya,男,25
158,毛利,良雄,Mouri,Yoshio,男,47
159,小倉,亜弥,Ogura,Aya,女,36
160,坂野,昭,Sakano,Akira,男,30
161,大田,真衣,Oota,Mai,女,56
162,稲垣,千穂,Inagaki,Chiho,女,51
163,島田,国雄,Shimada,Kunio,男,69
164,沢村,海翔,Sawamura,Kaito,男,20
165,村山,凜,Murayama,Rin,女,63
166,高柳,浩秋,Takayanagi,Hiroaki,男,40
167,北原,江介,Kitahara,Kousuke,男,48
168,西岡,孝利,Nishioka,Takatoshi,男,25
169,尾上,亨,Ogami,Tooru,男,51
170,黒澤,優子,Kurosawa,Yuuko,女,51
171,岡山,拓海,Okayama,Takumi,男,43
172,川西,幸一,Kawanishi,Kouichi,男,59
173,中村,慧真,Nakamura,Keishin,男,27
174,岩渕,秀吉,Iwabuchi,Hidekichi,男,45
175,田上,柚真,Taue,Yuzuma,男,48
176,西島,朝子,Nishijima,Tomoko,女,61
177,米山,清志,Komeyama,Kiyoshi,男,50
178,高柳,謙二,Takayanagi,Kenji,男,58
179,小椋,吉明,Ogura,Yoshiaki,男,45
180,植松,裕次郎,Uematsu,Yuujirou,男,64
181,増山,安子,Masuyama,Yasuko,女,20
182,斉藤,真司,Saitou,Shinji,男,65
183,野村,正利,Nomura,Masatoshi,男,36
184,小室,美玖,Komuro,Miku,女,37
185,尾上,喜久男,Ogami,Kikuo,男,25
186,長友,柚希,Nagatomo,Yuzuki,女,43
187,高島,凛乃,Takashima,Rino,女,24
188,島袋,一二三,Shimabukuro,Hifumi,男,26
189,中里,圭子,Nakazato,Keiko,女,63
190,平賀,泰,Hiraga,Yasushi,男,55
191,金山,早希,Kanayama,Saki,女,61
192,清水,紗羅,Kiyomizu,Sara,女,63
193,梶田,清吉,Kajita,Seikichi,男,33
194,竹内,紗菜,Takeuchi,Sana,女,67
195,浜田,金作,Hamada,Kinsaku,男,59
196,深谷,敏正,Fukaya,Toshimasa,男,38
197,今村,仁明,Imamura,Hitoaki,男,39
198,土井,輝夫,Doi,Teruo,男,54
199,工藤,保生,Kudou,Yasuo,男,55
200,大淵,麗子,Oobuchi,Reiko,女,21
